{
  "model/models-dbg.js": 1673701994669,
  "Component.js": 1673701994657,
  "utils/locate-reuse-libs.js": 1673701994665,
  "model/models.js": 1673701994669,
  "controller/App.controller.js": 1673701994673,
  "manifest.json": 1673702209129,
  "Component-preload.js": 1673702209302,
  "utils/locate-reuse-libs-dbg.js": 1673701994665,
  "i18n/i18n.properties": 1673701994665,
  "controller/App-dbg.controller.js": 1673701994673,
  "Component-dbg.js": 1673701994657,
  "view/App.view.xml": 1673701994677,
  "css/style.css": 1673701994673,
  "index.html": 1673701994661
}